From;To;Type;Through;start_x;start_y;stop_x;stop_y;adjacency_rule_name;Comment

#The Multiverse Barriers

# Earth Mewni Portal
7943;2222;impassable;-1;-1;-1;-1;-1;;Earth Mewni Portal
2765;2943;impassable;-1;-1;-1;-1;-1;;Earth Mewni Portal

# Earth Amphibia Portal
5269;6218;impassable;-1;-1;-1;-1;-1;;Earth Amphibia Portal
3169;1831;impassable;-1;-1;-1;-1;-1;;Earth Amphibia Portal

# BI Mewni Portal
5384;7966;impassable;-1;-1;-1;-1;-1;;BI Mewni Portal
3437;4722;impassable;-1;-1;-1;-1;-1;;BI Mewni Portal

# BI Amphibia Portal
1733;2821;impassable;-1;-1;-1;-1;-1;;BI Amphibia Portal
6811;856;impassable;-1;-1;-1;-1;-1;;BI Amphibia Portal

# BI Earth Portal
3976;4082;impassable;-1;-1;-1;-1;-1;;BI Earth Portal
3797;489;impassable;-1;-1;-1;-1;-1;;BI Earth Portal

# BI Earth Portal
2929;448;impassable;-1;-1;-1;-1;-1;;BI Earth Portal
2287;7655;impassable;-1;-1;-1;-1;-1;;BI Earth Portal

# Barriers
3524;7268;impassable;-1;-1;-1;-1;-1;;
7270;2411;impassable;-1;-1;-1;-1;-1;;
7270;2685;impassable;-1;-1;-1;-1;-1;;
7270;3975;impassable;-1;-1;-1;-1;-1;;
1800;802;impassable;-1;-1;-1;-1;-1;;
1800;652;impassable;-1;-1;-1;-1;-1;;
1800;2586;impassable;-1;-1;-1;-1;-1;;
10682;923;impassable;-1;-1;-1;-1;-1;;
10682;4194;impassable;-1;-1;-1;-1;-1;;
10682;3567;impassable;-1;-1;-1;-1;-1;;


#ROM
# BI
4968;4435;impassable;-1;-1;-1;-1;-1;;BI  Portal
4968;1024;impassable;-1;-1;-1;-1;-1;;BI  Portal
2455;4495;impassable;-1;-1;-1;-1;-1;;BI  Portal
2455;1043;impassable;-1;-1;-1;-1;-1;;BI  Portal
1043;4495;impassable;-1;-1;-1;-1;-1;;BI  Portal
4435;1024;impassable;-1;-1;-1;-1;-1;;BI  Portal

# Earth
2987;1760;impassable;-1;-1;-1;-1;-1;;Earth  Portal
2987;6239;impassable;-1;-1;-1;-1;-1;;Earth  Portal
6703;224;impassable;-1;-1;-1;-1;-1;;Earth  Portal
6703;5564;impassable;-1;-1;-1;-1;-1;;Earth  Portal
5564;224;impassable;-1;-1;-1;-1;-1;;Earth  Portal
1760;6239;impassable;-1;-1;-1;-1;-1;;Earth  Portal

# Amphibia
6337;149;impassable;-1;-1;-1;-1;-1;;Amphibia  Portal
3792;938;impassable;-1;-1;-1;-1;-1;;Amphibia  Portal

# Mewni
2509;9419;impassable;-1;-1;-1;-1;-1;;Mewni  Portal
1034;5284;impassable;-1;-1;-1;-1;-1;;Mewni  Portal


#Earth ###########################################
# Arizona Adjacencies
3402;1887;sea;11413;-1;-1;-1;-1;; Upper Grand Canyon
997;9742;sea;11413;-1;-1;-1;-1;;
434;2155;sea;11412;-1;-1;-1;-1;; Hoover Dam
434;9883;sea;11412;-1;-1;-1;-1;;
434;9913;sea;11412;-1;-1;-1;-1;;
1659;10022;sea;11412;-1;-1;-1;-1;; route 66
1659;6252;sea;11412;-1;-1;-1;-1;; route 66

# East US Adjacencies
10435;253;;11439;-1;-1;-1;-1;;New Orelans
10435;5688;;11439;-1;-1;-1;-1;;
5120;5045;;11442;-1;-1;-1;-1;; St Louis
5120;4243;;11442;-1;-1;-1;-1;;
960;5045;;11442;-1;-1;-1;-1;;
960;4243;;11442;-1;-1;-1;-1;;
3291;10242;;11008;-1;-1;-1;-1;;New York
3291;6504;;11008;-1;-1;-1;-1;;New York
9177;7676;;11008;-1;-1;-1;-1;;Long Island
5323;1763;;11379;-1;-1;-1;-1;;Lake
2128;1763;;11379;-1;-1;-1;-1;;Lake

# Utah Adjacencies
9714;1249;;11414;-1;-1;-1;-1;; Utah

# Canada Adjacencies
6415;5768;;10792;-1;-1;-1;-1;;Island
6172;7670;;11044;-1;-1;-1;-1;;Island
7029;7670;;11044;-1;-1;-1;-1;;Island
1688;2876;;11491;-1;-1;-1;-1;;Montreal
1919;7285;;11492;-1;-1;-1;-1;;Quebec
689;6032;;11492;-1;-1;-1;-1;;Quebec

# Mexico Adjacencies
947;10321;;11416;-1;-1;-1;-1;;Baja
3418;2230;;11416;-1;-1;-1;-1;;Baja

# Florida Adjacencies
2310;10708;;11193;-1;-1;-1;-1;;Key West
10707;10708;;11193;-1;-1;-1;-1;;Key West
10707;124;;11193;-1;-1;-1;-1;;Key West

# Washington Adjacencies
6538;5497;;11430;-1;-1;-1;-1;;Columbia-Snake
6538;5883;;11434;-1;-1;-1;-1;;Columbia-Snake
5883;5497;;11426;-1;-1;-1;-1;;Columbia-Snake
6274;4416;;11431;-1;-1;-1;-1;;Columbia
6274;1046;;11431;-1;-1;-1;-1;;Columbia
6576;2374;;11432;-1;-1;-1;-1;;Coolie
1991;7615;;11432;-1;-1;-1;-1;;Twin Peaks

# California  Adjacencies
5545;9629;;11405;-1;-1;-1;-1;;Stockton
9554;9526;;11404;-1;-1;-1;-1;;Sacramento
3309;9603;;11404;-1;-1;-1;-1;;Sacramento
9603;9573;;11404;-1;-1;-1;-1;;Sacramento
3309;9573;;11404;-1;-1;-1;-1;;Sacramento
5246;6627;;11402;-1;-1;-1;-1;;Golden Gate
5246;1289;;11402;-1;-1;-1;-1;;Norton Bridge
9600;5353;;11403;-1;-1;-1;-1;;Vallejo Bridge
5478;9395;;11409;-1;-1;-1;-1;;Upper Central
9740;6577;;11406;-1;-1;-1;-1;;Lower Central

10138;6543;;11305;-1;-1;-1;-1;;Channel Islands
10138;6441;;11305;-1;-1;-1;-1;;Channel Islands
10211;6441;;11160;-1;-1;-1;-1;;Channel Islands
10211;10180;;11160;-1;-1;-1;-1;;Channel Islands
10252;2636;;11160;-1;-1;-1;-1;;Channel Islands
6070;10157;;11160;-1;-1;-1;-1;;Channel Islands

# Oregon  Adjacencies
7175;4211;;11428;-1;-1;-1;-1;;Bend
4211;8441;;11427;-1;-1;-1;-1;;Bend
6585;8149;;11427;-1;-1;-1;-1;;Biggs
8125;5798;;11425;-1;-1;-1;-1;;Biggs
7175;8441;;11427;-1;-1;-1;-1;;Bend
8785;8758;;11417;-1;-1;-1;-1;;Roseburg
8785;5827;;11417;-1;-1;-1;-1;;Roseburg
1380;8247;;11423;-1;-1;-1;-1;;Willametta
8210;8143;;11422;-1;-1;-1;-1;;Willametta
8103;8167;;11421;-1;-1;-1;-1;;Wash-Ore
7967;6446;;11093;-1;-1;-1;-1;;Wash-Ore
6933;8120;;11426;-1;-1;-1;-1;;Wash-Ore
8092;8120;;11426;-1;-1;-1;-1;;Wash-Ore

# Idaho  Adjacencies
8653;8665;;11438;-1;-1;-1;-1;;Idaho Falls
4253;2452;;11436;-1;-1;-1;-1;;Twin Falls
8703;8682;;11435;-1;-1;-1;-1;;Boise-RedwoodHighway
5721;8682;;11435;-1;-1;-1;-1;;Boise-RedwoodHighway
6210;6269;;11435;-1;-1;-1;-1;;Boise-RedwoodHighway
5721;6269;;11435;-1;-1;-1;-1;;Boise-RedwoodHighway
8008;4247;;11434;-1;-1;-1;-1;;Near Walla walla



# GF Adjacencies
8460;8458;;2967;-1;-1;-1;-1;;Cliff Bridge
8548;8587;;11437;-1;-1;-1;-1;;Lake GF Ford

# GF Cliffs
8463;2873;impassable;-1;-1;-1;-1;-1;; GF Cliffs
8463;8424;impassable;-1;-1;-1;-1;-1;; GF Cliffs
8448;2873;impassable;-1;-1;-1;-1;-1;; GF Cliffs
8448;8416;impassable;-1;-1;-1;-1;-1;; GF Cliffs
8448;8390;impassable;-1;-1;-1;-1;-1;; GF Cliffs
8460;8390;impassable;-1;-1;-1;-1;-1;; GF Cliffs
8460;861;impassable;-1;-1;-1;-1;-1;; GF Cliffs
8460;2967;impassable;-1;-1;-1;-1;-1;; GF Cliffs
8460;7976;impassable;-1;-1;-1;-1;-1;; GF Cliffs
8460;8449;impassable;-1;-1;-1;-1;-1;; GF Cliffs
8448;8449;impassable;-1;-1;-1;-1;-1;; GF Cliffs
8448;6727;impassable;-1;-1;-1;-1;-1;; GF Cliffs

8458;8486;impassable;-1;-1;-1;-1;-1;; GF Cliffs
8458;5654;impassable;-1;-1;-1;-1;-1;; GF Cliffs
8458;8436;impassable;-1;-1;-1;-1;-1;; GF Cliffs
8458;8397;impassable;-1;-1;-1;-1;-1;; GF Cliffs
8458;8426;impassable;-1;-1;-1;-1;-1;; GF Cliffs
6934;8426;impassable;-1;-1;-1;-1;-1;; GF Cliffs
6934;8486;impassable;-1;-1;-1;-1;-1;; GF Cliffs
6934;8492;impassable;-1;-1;-1;-1;-1;; GF Cliffs
5389;8492;impassable;-1;-1;-1;-1;-1;; GF Cliffs
5389;8426;impassable;-1;-1;-1;-1;-1;; GF Cliffs
5389;4709;impassable;-1;-1;-1;-1;-1;; GF Cliffs
8483;4709;impassable;-1;-1;-1;-1;-1;; GF Cliffs
8483;8459;impassable;-1;-1;-1;-1;-1;; GF Cliffs

#GF Hills
8679;8703;impassable;-1;-1;-1;-1;-1;; GF Hills
8724;8703;impassable;-1;-1;-1;-1;-1;; GF Hills
8724;8739;impassable;-1;-1;-1;-1;-1;; GF Hills
6714;8739;impassable;-1;-1;-1;-1;-1;; GF Hills
6714;8779;impassable;-1;-1;-1;-1;-1;; GF Hills
8736;8779;impassable;-1;-1;-1;-1;-1;; GF Hills
8736;8793;impassable;-1;-1;-1;-1;-1;; GF Hills
6278;8793;impassable;-1;-1;-1;-1;-1;; GF Hills
6278;8803;impassable;-1;-1;-1;-1;-1;; GF Hills
6278;2646;impassable;-1;-1;-1;-1;-1;; GF Hills
8753;2646;impassable;-1;-1;-1;-1;-1;; GF Hills
8753;8802;impassable;-1;-1;-1;-1;-1;; GF Hills
8753;8800;impassable;-1;-1;-1;-1;-1;; GF Hills
8753;6844;impassable;-1;-1;-1;-1;-1;; GF Hills

8772;8774;impassable;-1;-1;-1;-1;-1;; GF Hills
8772;8795;impassable;-1;-1;-1;-1;-1;; GF Hills
8772;4040;impassable;-1;-1;-1;-1;-1;; GF Hills
6350;4040;impassable;-1;-1;-1;-1;-1;; GF Hills
6350;5483;impassable;-1;-1;-1;-1;-1;; GF Hills
8748;5483;impassable;-1;-1;-1;-1;-1;; GF Hills
8748;5819;impassable;-1;-1;-1;-1;-1;; GF Hills
8748;5104;impassable;-1;-1;-1;-1;-1;; GF Hills
8717;5104;impassable;-1;-1;-1;-1;-1;; GF Hills
8717;8744;impassable;-1;-1;-1;-1;-1;; GF Hills
6685;8744;impassable;-1;-1;-1;-1;-1;; GF Hills
6685;1124;impassable;-1;-1;-1;-1;-1;; GF Hills
8662;1124;impassable;-1;-1;-1;-1;-1;; GF Hills
8662;6952;impassable;-1;-1;-1;-1;-1;; GF Hills
8662;8627;impassable;-1;-1;-1;-1;-1;; GF Hills
8632;8627;impassable;-1;-1;-1;-1;-1;; GF Hills
8632;8596;impassable;-1;-1;-1;-1;-1;; GF Hills
3362;8596;impassable;-1;-1;-1;-1;-1;; GF Hills
3362;1408;impassable;-1;-1;-1;-1;-1;; GF Hills
8562;1408;impassable;-1;-1;-1;-1;-1;; GF Hills
8562;8526;impassable;-1;-1;-1;-1;-1;; GF Hills
8505;8526;impassable;-1;-1;-1;-1;-1;; GF Hills
8505;8503;impassable;-1;-1;-1;-1;-1;; GF Hills
8482;8503;impassable;-1;-1;-1;-1;-1;; GF Hills
8482;586;impassable;-1;-1;-1;-1;-1;; GF Hills
8482;8443;impassable;-1;-1;-1;-1;-1;; GF Hills
8462;8443;impassable;-1;-1;-1;-1;-1;; GF Hills

#Redwood-Forest










########################################################
#California

#Mendocino
6672;6525;impassable;-1;-1;-1;-1;-1;; Mendocino
6672;9131;impassable;-1;-1;-1;-1;-1;; Mendocino
5169;9131;impassable;-1;-1;-1;-1;-1;; Mendocino
9180;9131;impassable;-1;-1;-1;-1;-1;; Mendocino
9180;7014;impassable;-1;-1;-1;-1;-1;; Mendocino
9180;5790;impassable;-1;-1;-1;-1;-1;; Mendocino
9180;4865;impassable;-1;-1;-1;-1;-1;; Mendocino
























# Mewni ###########################################

# Stallward
3992;5397;impassable;-1;-1;-1;-1;-1;;Stallward Barrier
3992;7898;impassable;-1;-1;-1;-1;-1;;Stallward Barrier
3992;7901;impassable;-1;-1;-1;-1;-1;;Stallward Barrier
3992;39;impassable;-1;-1;-1;-1;-1;;Stallward Barrier
3992;7949;impassable;-1;-1;-1;-1;-1;;Stallward Barrier
3992;3323;impassable;-1;-1;-1;-1;-1;;Stallward Barrier
5055;3323;impassable;-1;-1;-1;-1;-1;;Stallward Barrier
5055;5862;impassable;-1;-1;-1;-1;-1;;Stallward Barrier
5055;7253;impassable;-1;-1;-1;-1;-1;;Stallward Barrier
2588;5862;impassable;-1;-1;-1;-1;-1;;Stallward Barrier
2588;7974;impassable;-1;-1;-1;-1;-1;;Stallward Barrier
7934;7974;impassable;-1;-1;-1;-1;-1;;Stallward Barrier
7934;78;impassable;-1;-1;-1;-1;-1;;Stallward Barrier
7934;7962;impassable;-1;-1;-1;-1;-1;;Stallward Barrier
7934;2623;impassable;-1;-1;-1;-1;-1;;Stallward Barrier
7934;5310;impassable;-1;-1;-1;-1;-1;;Stallward Barrier
7903;5310;impassable;-1;-1;-1;-1;-1;;Stallward Barrier
7903;7253;impassable;-1;-1;-1;-1;-1;;Stallward Barrier
7903;879;impassable;-1;-1;-1;-1;-1;;Stallward Barrier
7903;3482;impassable;-1;-1;-1;-1;-1;;Stallward Barrier
5458;7843;impassable;-1;-1;-1;-1;-1;;Stallward Barrier
5458;7813;impassable;-1;-1;-1;-1;-1;;Stallward Barrier
5458;7795;impassable;-1;-1;-1;-1;-1;;Stallward Barrier
5458;5783;impassable;-1;-1;-1;-1;-1;;Stallward Barrier
5458;3543;impassable;-1;-1;-1;-1;-1;;Stallward Barrier
5458;3520;impassable;-1;-1;-1;-1;-1;;Stallward Barrier
5458;874;impassable;-1;-1;-1;-1;-1;;Stallward Barrier
5458;4828;impassable;-1;-1;-1;-1;-1;;Stallward Barrier
5458;879;impassable;-1;-1;-1;-1;-1;;Stallward Barrier
5458;3482;impassable;-1;-1;-1;-1;-1;;Stallward Barrier
5055;5397;impassable;-1;-1;-1;-1;-1;;Stallward Barrier


#Spider Hill
1551;4083;impassable;-1;-1;-1;-1;-1;;Spider Hill
1551;1582;impassable;-1;-1;-1;-1;-1;;Spider Hill
1551;5737;impassable;-1;-1;-1;-1;-1;;Spider Hill
1551;6109;impassable;-1;-1;-1;-1;-1;;Spider Hill
7661;6109;impassable;-1;-1;-1;-1;-1;;Spider Hill
7661;1073;impassable;-1;-1;-1;-1;-1;;Spider Hill
7661;7698;impassable;-1;-1;-1;-1;-1;;Spider Hill
3182;7698;impassable;-1;-1;-1;-1;-1;;Spider Hill
3182;5519;impassable;-1;-1;-1;-1;-1;;Spider Hill
2240;5519;impassable;-1;-1;-1;-1;-1;;Spider Hill
2240;7674;impassable;-1;-1;-1;-1;-1;;Spider Hill
2240;3793;impassable;-1;-1;-1;-1;-1;;Spider Hill
2240;2991;impassable;-1;-1;-1;-1;-1;;Spider Hill
2240;7600;impassable;-1;-1;-1;-1;-1;;Spider Hill
2240;4645;impassable;-1;-1;-1;-1;-1;;Spider Hill
396;4645;impassable;-1;-1;-1;-1;-1;;Spider Hill
396;6520;impassable;-1;-1;-1;-1;-1;;Spider Hill
4580;6520;impassable;-1;-1;-1;-1;-1;;Spider Hill
4580;6943;impassable;-1;-1;-1;-1;-1;;Spider Hill
4580;4083;impassable;-1;-1;-1;-1;-1;;Spider Hill

# Gen Robin Plateau
7711;3793;impassable;-1;-1;-1;-1;-1;;Gen Robin
7711;7674;impassable;-1;-1;-1;-1;-1;;Gen Robin
7711;5519;impassable;-1;-1;-1;-1;-1;;Gen Robin
7711;1121;impassable;-1;-1;-1;-1;-1;;Gen Robin
7711;5603;impassable;-1;-1;-1;-1;-1;;Gen Robin
7711;623;impassable;-1;-1;-1;-1;-1;;Gen Robin
7711;5865;impassable;-1;-1;-1;-1;-1;;Gen Robin
3462;3793;impassable;-1;-1;-1;-1;-1;;Gen Robin
3462;7654;impassable;-1;-1;-1;-1;-1;;Gen Robin
3462;5865;impassable;-1;-1;-1;-1;-1;;Gen Robin
6992;7654;impassable;-1;-1;-1;-1;-1;;Gen Robin
6992;5865;impassable;-1;-1;-1;-1;-1;;Gen Robin
6992;7732;impassable;-1;-1;-1;-1;-1;;Gen Robin
6992;5841;impassable;-1;-1;-1;-1;-1;;Gen Robin
6992;4641;impassable;-1;-1;-1;-1;-1;;Gen Robin
6356;4641;impassable;-1;-1;-1;-1;-1;;Gen Robin
6356;7732;impassable;-1;-1;-1;-1;-1;;Gen Robin
6356;857;impassable;-1;-1;-1;-1;-1;;Gen Robin
6925;857;impassable;-1;-1;-1;-1;-1;;Gen Robin
6925;4641;impassable;-1;-1;-1;-1;-1;;Gen Robin
6925;7712;impassable;-1;-1;-1;-1;-1;;Gen Robin
6925;4567;impassable;-1;-1;-1;-1;-1;;Gen Robin
2665;7712;impassable;-1;-1;-1;-1;-1;;Gen Robin
2665;4567;impassable;-1;-1;-1;-1;-1;;Gen Robin
2665;4992;impassable;-1;-1;-1;-1;-1;;Gen Robin
2665;1728;impassable;-1;-1;-1;-1;-1;;Gen Robin
525;4992;impassable;-1;-1;-1;-1;-1;;Gen Robin
525;1728;impassable;-1;-1;-1;-1;-1;;Gen Robin
525;7730;impassable;-1;-1;-1;-1;-1;;Gen Robin
525;5515;impassable;-1;-1;-1;-1;-1;;Gen Robin
525;2151;impassable;-1;-1;-1;-1;-1;;Gen Robin
525;7686;impassable;-1;-1;-1;-1;-1;;Gen Robin
525;7678;impassable;-1;-1;-1;-1;-1;;Gen Robin

# Musty Mountain
4926;5402;impassable;-1;-1;-1;-1;-1;;Musty
4926;6112;impassable;-1;-1;-1;-1;-1;;Musty
4926;6502;impassable;-1;-1;-1;-1;-1;;Musty
4926;1873;impassable;-1;-1;-1;-1;-1;;Musty
4926;6125;impassable;-1;-1;-1;-1;-1;;Musty
4898;6125;impassable;-1;-1;-1;-1;-1;;Musty
4898;5696;impassable;-1;-1;-1;-1;-1;;Musty
3981;5696;impassable;-1;-1;-1;-1;-1;;Musty
3981;6566;impassable;-1;-1;-1;-1;-1;;Musty
6706;6566;impassable;-1;-1;-1;-1;-1;;Musty
6706;3040;impassable;-1;-1;-1;-1;-1;;Musty
2661;3040;impassable;-1;-1;-1;-1;-1;;Musty
2661;7105;impassable;-1;-1;-1;-1;-1;;Musty
8923;7105;impassable;-1;-1;-1;-1;-1;;Musty
8923;3833;impassable;-1;-1;-1;-1;-1;;Musty
6502;6112;impassable;-1;-1;-1;-1;-1;;Musty
1642;6112;impassable;-1;-1;-1;-1;-1;;Musty
6800;6112;impassable;-1;-1;-1;-1;-1;;Musty
6800;2784;impassable;-1;-1;-1;-1;-1;;Musty
4813;2784;impassable;-1;-1;-1;-1;-1;;Musty

# Underworld Ceiling
9057;8939;impassable;-1;-1;-1;-1;-1;;Underworld Cieling
9057;4943;impassable;-1;-1;-1;-1;-1;;Underworld Cieling
9057;6055;impassable;-1;-1;-1;-1;-1;;Underworld Cieling
9057;5038;impassable;-1;-1;-1;-1;-1;;Underworld Cieling
9057;4772;impassable;-1;-1;-1;-1;-1;;Underworld Cieling
9057;8956;impassable;-1;-1;-1;-1;-1;;Underworld Cieling
9057;5399;impassable;-1;-1;-1;-1;-1;;Underworld Cieling
9057;902;impassable;-1;-1;-1;-1;-1;;Underworld Cieling
9057;9030;impassable;-1;-1;-1;-1;-1;;Underworld Cieling
9057;9174;impassable;-1;-1;-1;-1;-1;;Underworld Cieling
9057;1354;impassable;-1;-1;-1;-1;-1;;Underworld Cieling
9057;889;impassable;-1;-1;-1;-1;-1;;Underworld Cieling
9057;3140;impassable;-1;-1;-1;-1;-1;;Underworld Cieling
9057;154;impassable;-1;-1;-1;-1;-1;;Underworld Cieling
9057;2292;impassable;-1;-1;-1;-1;-1;;Underworld Cieling
9057;9064;impassable;-1;-1;-1;-1;-1;;Underworld Cieling
9057;944;impassable;-1;-1;-1;-1;-1;;Underworld Cieling
9057;3334;impassable;-1;-1;-1;-1;-1;;Underworld Cieling
9057;560;impassable;-1;-1;-1;-1;-1;;Underworld Cieling
686;560;impassable;-1;-1;-1;-1;-1;;Underworld Cieling
686;3653;impassable;-1;-1;-1;-1;-1;;Underworld Cieling
686;218;impassable;-1;-1;-1;-1;-1;;Underworld Cieling
686;1741;impassable;-1;-1;-1;-1;-1;;Underworld Cieling
686;2583;impassable;-1;-1;-1;-1;-1;;Underworld Cieling
686;9081;impassable;-1;-1;-1;-1;-1;;Underworld Cieling
686;6469;impassable;-1;-1;-1;-1;-1;;Underworld Cieling
686;1138;impassable;-1;-1;-1;-1;-1;;Underworld Cieling
686;4177;impassable;-1;-1;-1;-1;-1;;Underworld Cieling
686;3209;impassable;-1;-1;-1;-1;-1;;Underworld Cieling
686;3414;impassable;-1;-1;-1;-1;-1;;Underworld Cieling
686;8952;impassable;-1;-1;-1;-1;-1;;Underworld Cieling
686;469;impassable;-1;-1;-1;-1;-1;;Underworld Cieling
686;2862;impassable;-1;-1;-1;-1;-1;;Underworld Cieling
686;1095;impassable;-1;-1;-1;-1;-1;;Underworld Cieling
686;8906;impassable;-1;-1;-1;-1;-1;;Underworld Cieling
686;3120;impassable;-1;-1;-1;-1;-1;;Underworld Cieling
686;8901;impassable;-1;-1;-1;-1;-1;;Underworld Cieling
686;1529;impassable;-1;-1;-1;-1;-1;;Underworld Cieling
686;8939;impassable;-1;-1;-1;-1;-1;;Underworld Cieling
686;1569;impassable;-1;-1;-1;-1;-1;;Underworld Cieling


#North Monster Mountain Range
729;2488;impassable;-1;-1;-1;-1;-1;;Far Northern Johansen Mines
7556;2488;impassable;-1;-1;-1;-1;-1;;Far Northern Johansen Mines
7556;7515;impassable;-1;-1;-1;-1;-1;;Far Northern Johansen Mines
7590;2488;impassable;-1;-1;-1;-1;-1;;Far Northern Johansen Mines
7590;7091;impassable;-1;-1;-1;-1;-1;;Far Northern Johansen Mines
7590;7515;impassable;-1;-1;-1;-1;-1;;Far Northern Johansen Mines
7590;3548;impassable;-1;-1;-1;-1;-1;;Far Northern Johansen Mines
3675;3548;impassable;-1;-1;-1;-1;-1;;Far Northern Johansen Mines
4768;3548;impassable;-1;-1;-1;-1;-1;;Northern Johansen Mines
4768;4217;impassable;-1;-1;-1;-1;-1;;Northern Johansen Mines
4768;5562;impassable;-1;-1;-1;-1;-1;;Northern Johansen Mines
2842;5562;impassable;-1;-1;-1;-1;-1;;Northern Johansen Mines
2842;2785;impassable;-1;-1;-1;-1;-1;;Northern Johansen Mines
6683;5929;impassable;-1;-1;-1;-1;-1;;State 404
6683;2756;impassable;-1;-1;-1;-1;-1;;State 404
7882;2756;impassable;-1;-1;-1;-1;-1;;State 404
7882;2066;impassable;-1;-1;-1;-1;-1;;State 404
7882;7909;impassable;-1;-1;-1;-1;-1;;State 404
7939;7909;impassable;-1;-1;-1;-1;-1;;State 403
5749;7909;impassable;-1;-1;-1;-1;-1;;State 403
5749;6563;impassable;-1;-1;-1;-1;-1;;State 403
1198;6563;impassable;-1;-1;-1;-1;-1;;State 403
7991;6563;impassable;-1;-1;-1;-1;-1;;State 403
3478;7926;impassable;-1;-1;-1;-1;-1;;State 403
4789;7926;impassable;-1;-1;-1;-1;-1;;State 402
4789;7096;impassable;-1;-1;-1;-1;-1;;State 402
4789;5991;impassable;-1;-1;-1;-1;-1;;State 402
2450;5991;impassable;-1;-1;-1;-1;-1;;State 402
5760;5991;impassable;-1;-1;-1;-1;-1;;State 402
5760;3909;impassable;-1;-1;-1;-1;-1;;State 402
5760;1015;impassable;-1;-1;-1;-1;-1;;State 402
5760;7997;impassable;-1;-1;-1;-1;-1;;State 402
3621;6195;impassable;-1;-1;-1;-1;-1;;State 402
3621;3391;impassable;-1;-1;-1;-1;-1;;State 402
1313;3391;impassable;-1;-1;-1;-1;-1;;State 403
1313;5855;impassable;-1;-1;-1;-1;-1;;State 403
8021;2839;impassable;-1;-1;-1;-1;-1;;State 403
8021;1511;impassable;-1;-1;-1;-1;-1;;State 403
7980;1511;impassable;-1;-1;-1;-1;-1;;State 403
7980;4472;impassable;-1;-1;-1;-1;-1;;State 403
2892;4472;impassable;-1;-1;-1;-1;-1;;State 403
2892;8003;impassable;-1;-1;-1;-1;-1;;State 403
2892;4871;impassable;-1;-1;-1;-1;-1;;State 403
1496;4871;impassable;-1;-1;-1;-1;-1;;State 404
1496;7904;impassable;-1;-1;-1;-1;-1;;State 404
7888;7904;impassable;-1;-1;-1;-1;-1;;State 404
7888;3396;impassable;-1;-1;-1;-1;-1;;State 404
7888;7841;impassable;-1;-1;-1;-1;-1;;State 404
3644;7841;impassable;-1;-1;-1;-1;-1;;State 404
3644;5774;impassable;-1;-1;-1;-1;-1;;State 404
6941;5774;impassable;-1;-1;-1;-1;-1;;State 404
6941;4531;impassable;-1;-1;-1;-1;-1;;State 404
7741;4196;impassable;-1;-1;-1;-1;-1;;Northern Johansen Mines
1963;4196;impassable;-1;-1;-1;-1;-1;;Northern Johansen Mines
1963;3430;impassable;-1;-1;-1;-1;-1;;Northern Johansen Mines
6367;3430;impassable;-1;-1;-1;-1;-1;;Far Northern Johansen Mines
6367;430;impassable;-1;-1;-1;-1;-1;;Far Northern Johansen Mines
2281;3430;impassable;-1;-1;-1;-1;-1;;Far Northern Johansen Mines
2281;7609;impassable;-1;-1;-1;-1;-1;;Far Northern Johansen Mines

# Lower Ridge
141;5860;impassable;-1;-1;-1;-1;-1;;Underworld Cieling
141;222;impassable;-1;-1;-1;-1;-1;;Underworld Cieling
141;8930;impassable;-1;-1;-1;-1;-1;;Underworld Cieling
141;1138;impassable;-1;-1;-1;-1;-1;;Underworld Cieling
141;6469;impassable;-1;-1;-1;-1;-1;;Underworld Cieling
141;4380;impassable;-1;-1;-1;-1;-1;;Underworld Cieling
141;640;impassable;-1;-1;-1;-1;-1;;Underworld Cieling
141;9024;impassable;-1;-1;-1;-1;-1;;Underworld Cieling
141;2695;impassable;-1;-1;-1;-1;-1;;Underworld Cieling
1703;2695;impassable;-1;-1;-1;-1;-1;;Underworld Cieling
1703;543;impassable;-1;-1;-1;-1;-1;;Underworld Cieling
1703;9103;impassable;-1;-1;-1;-1;-1;;Underworld Cieling
1703;3641;impassable;-1;-1;-1;-1;-1;;Underworld Cieling
1703;9196;impassable;-1;-1;-1;-1;-1;;Underworld Cieling
1703;3488;impassable;-1;-1;-1;-1;-1;;Underworld Cieling
1703;974;impassable;-1;-1;-1;-1;-1;;Underworld Cieling
1703;6767;impassable;-1;-1;-1;-1;-1;;Underworld Cieling
1703;3057;impassable;-1;-1;-1;-1;-1;;Underworld Cieling
1703;3846;impassable;-1;-1;-1;-1;-1;;Underworld Cieling
1703;6390;impassable;-1;-1;-1;-1;-1;;Underworld Cieling
1703;8933;impassable;-1;-1;-1;-1;-1;;Underworld Cieling
1703;2339;impassable;-1;-1;-1;-1;-1;;Underworld Cieling
1703;5860;impassable;-1;-1;-1;-1;-1;;Underworld Cieling

# Itchy Clearing - Outer Cornfields 
5707;7256;sea;11451;-1;-1;-1;-1;;Itchy Clearing - Outer Cornfields

# Port Emily Adjacencies
5224;7902;sea;10770;-1;-1;-1;-1;;Port Emily

# Solaria's Folly
4749;2570;sea;11449;-1;-1;-1;-1;;Folly
8657;8710;sea;11453;-1;-1;-1;-1;;Folly

# Sanctuary
8429;2548;sea;10713;-1;-1;-1;-1;;Sanctuary

#Lower River
5660;5070;sea;11456;-1;-1;-1;-1;;Lower RIver
2652;2189;sea;11454;-1;-1;-1;-1;;Lower RIver
8711;8658;sea;11455;-1;-1;-1;-1;;Lower RIver

#Moat
4506;6524;sea;11485;-1;-1;-1;-1;;Moat
4506;2814;sea;11452;-1;-1;-1;-1;;Moat

#Half Acre
3472;2884;sea;11187;-1;-1;-1;-1;;Half Acre
9298;2884;sea;11187;-1;-1;-1;-1;;Half Acre

#Dry Harvest
9298;5479;sea;10983;-1;-1;-1;-1;;Harvest
82;9230;sea;11457;-1;-1;-1;-1;;Harvest






# Amphibia ###########################################

#Wartwood
127;4840;sea;11465;-1;-1;-1;-1;;Wartwood







#################################################################################
#Portals (canals and strights)

#Mewni
11078;10766;;7943;-1;-1;-1;-1;Earth_Mewni_Portal;
10985;11010;;5384;-1;-1;-1;-1;BI_Mewni_Portal;


#Amphibia
10923;11182;;5269;-1;-1;-1;-1;Earth_Amphibia_Portal;
11144;11050;;1733;-1;-1;-1;-1;BI_Amphibia_Portal;

#ROM
11096;11005;;2509;-1;-1;-1;-1;ROM_Mewni_Portal;
10965;11292;;2987;-1;-1;-1;-1;ROM_Earth_Portal;
11096;11130;;6337;-1;-1;-1;-1;ROM_Amphibia_Portal;
11085;11029;;4968;-1;-1;-1;-1;ROM_Boiling_Portal;

#BI
11266;11295;;3976;-1;-1;-1;-1;American_BI_Portal;
10948;11493;;2929;-1;-1;-1;-1;Canadian_BI_Portal;


#AMERICA! GONNA SAVE THE MOTHERF-ING DAY YEAH!
11062;11102;;4374;-1;-1;-1;-1;Mexican_Canal;
10787;11402;;-1;-1;-1;-1;-1;Golden_Gate_Strait;
11093;11421;;-1;-1;-1;-1;-1;Astoria_Strait;
11044;11099;;-1;-1;-1;-1;-1;Salish_Strait;
11418;11154;;-1;-1;-1;-1;-1;Umpqua_Strait;
10961;11169;;-1;-1;-1;-1;-1;Georgia_Strait;
11416;10943;;-1;-1;-1;-1;-1;Colorado_Strait;
10834;11439;;-1;-1;-1;-1;-1;Mississippi_Strait;

11371;11350;;2187;-1;-1;-1;-1;Welland_Canal;
11357;11374;;736;-1;-1;-1;-1;Detroit_Canal;
11379;11353;;5323;-1;-1;-1;-1;St_Marys_Canal;
11356;11444;;14;-1;-1;-1;-1;Saint_Croix_Canal;






















-1;-1;;-1;-1;-1;-1;-1;-1
